Workbook

Sheet Notes
A1: PEMFC Efficiency Dataset — Cleaning, Feature Selection & Target Construction Notes
A3: 1. What was in the raw file ('data' sheet)
A4: The original sheet had a 3-row stacked header (units / bucket labels / column names) followed by 14,217 raw measurement rows. Far to the right (columns AL onward), a separate ~54-row SUMMARY block sat next to the raw data -- a binned/averaged polarization-curve table, unrelated row-by-row to the main data. Interleaved in the main block were additional pre-computed AVERAGE / VARIATION / DEVIATION / DROP columns (e.g. 'anode average', 'anode variation', 'Cathode pressure drop', 'cathode pressure deviation', the averaged 'Current density'/'Voltage'/'st dev' columns) that only apply to ~60-62 rows out of 14,217 (they belong to the binned summary, not every raw observation).
A6: 2. Columns dropped, and why
A7: - 'Current density set' (bucket/setpoint label, ~99.6% missing at row level) — control label, not a physical measurement.
A8: - 'Current density' (averaged), 'Voltage' (averaged), 'st dev' — only populated for 61 of 14,217 rows (the binned summary table). Dropped as duplicate/aggregate of the raw current_density and cell_voltage_001 already kept.
A9: - 'Cathode pressure drop', 'cathode pressure deviation', 'Anode pressure drop', 'anode pressure deviation' — only populated for 62 of 14,217 rows (same binned summary). Dropped.
A10: - 'anode average', 'anode variation', 'cathode average', 'cathode variation' — pre-computed per-row aggregates across the 3 anode/3 cathode temperature sensors. These duplicate what Clean_Data now recomputes transparently as anode_avg_temp_C / cathode_avg_temp_C (formulas, so you can audit/change them), so the originals were dropped to avoid redundant columns.
A11: - The entire right-hand summary block (~16 columns, ~54 rows) — a separate binned polarization-curve table, not row-aligned with the raw data. Left out of Clean_Data entirely; can be treated as a separate, much smaller dataset if you ever want a 'binned' version.
A12: - All fully-blank spacer columns.
A14: 3. Columns kept (raw, per-observation, 0% missing across all 14,217 rows)
A15: current_density_mA_cm2, cell_voltage_V, cathode_pressure_diff_kPa, anode_pressure_diff_kPa, anode_temp_beginning_C, anode_temp_middle_C, anode_temp_end_C, cathode_temp_beginning_C, cathode_temp_middle_C, cathode_temp_end_C. Engineered on top (formulas, see Clean_Data K:O): anode_avg_temp_C, cathode_avg_temp_C, cell_avg_temp_C, reversible_voltage_V, voltage_efficiency_pct.
... A33: NOT sufficient, as-is, for: (a) a genuine temperature effect -- the ~2 degC spread in this file cannot support learning how efficiency changes with operating temperature; you would want additional runs at other temperature setpoints (e.g. 50/65/80 degC) if the synopsis's Stage 2 is meant to say anything about temperature. (b) true overall/Faradaic efficiency -- needs H2 (and ideally air) flow rate or stoichiometry, and absolute stack pressure, neither of which exists in this file; without them you are limited to the voltage-efficiency proxy above. (c) Stages 3-4 of your own synopsis (drone power/weight analysis and weight optimisation) -- this sheet has zero data on fuel-cell mass, cell count, or power density (all listed as required attributes in your synopsis section 4). You will need a second, separate dataset (experimental, literature, or manufacturer datasheets, as your synopsis already proposes) that ties system weight and power density to the same kind of operating data before Stages 3-4 can start.

Sheet Assumptions
A1: PEMFC Voltage-Efficiency Model — Assumptions
A2: Parameter | B2: Value | C2: Notes
A3: E0_ref (reversible voltage, HHV basis) | B3: 1.229 | C3: V, at 25 degC, 1 atm reactant partial pressures (standard PEMFC thermodynamic reference)
A4: dE/dT (temperature coefficient) | B4: -0.00085 | C4: V/degC, standard empirical Nernst temperature correction
A5: T_ref | B5: 25 | C5: degC, reference temperature for E0
A7: IMPORTANT LIMITATION: This dataset has only DIFFERENTIAL pressure (inlet-outlet drop across the flow field), not ABSOLUTE reactant partial pressure. A full Nernst equation needs absolute H2/O2/H2O partial pressures. Without that, this model uses the temperature-only correction term and treats voltage efficiency (V_actual / E_reversible) as a PROXY for true thermodynamic efficiency. See the Notes sheet for what would be needed to remove this approximation.

Sheet Clean_Data
A1: current_density_mA_cm2 | B1: cell_voltage_V | C1: cathode_pressure_diff_kPa | D1: anode_pressure_diff_kPa | E1: anode_temp_beginning_C | F1: anode_temp_middle_C | G1: anode_temp_end_C | H1: cathode_temp_beginning_C | I1: cathode_temp_middle_C | J1: cathode_temp_end_C | K1: anode_avg_temp_C | L1: cathode_avg_temp_C | M1: cell_avg_temp_C | N1: reversible_voltage_V | O1: voltage_efficiency_pct
A2: 0 | B2: 0.99844091 | C2: 0.250044 | D2: 0.45487 | E2: 80 | F2: 79.803804 | G2: 79.899751 | H2: 79.802176 | I2: 79.802985 | J2: 79.899101 | K2: =AVERAGE(E2:G2) -> 79.901185 | L2: =AVERAGE(H2:J2) -> 79.834754 | M2: =AVERAGE(K2,L2) -> 79.86797 | N2: =Assumptions!$B$3+Assumptions!$B$4*(M2-Assumptions!$B$5) -> 1.1823622 | O2: =B2/N2*100 -> 84.444588
A3: 0 | B3: 0.9986191 | C3: 0.250044 | D3: 0.45487 | E3: 79.899799 | F3: 79.803804 | G3: 79.799502 | H3: 79.802176 | I3: 79.802985 | J3: 79.899101 | K3: =AVERAGE(E3:G3) -> 79.834368 | L3: =AVERAGE(H3:J3) -> 79.834754 | M3: =AVERAGE(K3,L3) -> 79.834561 | N3: =Assumptions!$B$3+Assumptions!$B$4*(M3-Assumptions!$B$5) -> 1.1823906 | O3: =B3/N3*100 -> 84.45763
A4: 0 | B4: 0.99976764 | C4: 0.250044 | D4: 0.45487 | E4: 80 | F4: 79.803804 | G4: 79.899751 | H4: 79.802176 | I4: 79.802985 | J4: 79.899101 | K4: =AVERAGE(E4:G4) -> 79.901185 | L4: =AVERAGE(H4:J4) -> 79.834754 | M4: =AVERAGE(K4,L4) -> 79.86797 | N4: =Assumptions!$B$3+Assumptions!$B$4*(M4-Assumptions!$B$5) -> 1.1823622 | O4: =B4/N4*100 -> 84.556798
A5: 0 | B5: 1.0002825 | C5: 0.250044 | D5: 0.45487 | E5: 80 | F5: 79.803804 | G5: 79.799502 | H5: 79.802176 | I5: 79.704477 | J5: 80 | K5: =AVERAGE(E5:G5) -> 79.867769 | L5: =AVERAGE(H5:J5) -> 79.835551 | M5: =AVERAGE(K5,L5) -> 79.85166 | N5: =Assumptions!$B$3+Assumptions!$B$4*(M5-Assumptions!$B$5) -> 1.1823761 | O5: =B5/N5*100 -> 84.59935
A6: 0.9 | B6: 1.0005795 | C6: 0.250044 | D6: 0.2863235 | E6: 79.89986 | F6: 79.901998 | G6: 79.799412 | H6: 79.802067 | I6: 79.803149 | J6: 79.89927 | K6: =AVERAGE(E6:G6) -> 79.86709 | L6: =AVERAGE(H6:J6) -> 79.834828 | M6: =AVERAGE(K6,L6) -> 79.850959 | N6: =Assumptions!$B$3+Assumptions!$B$4*(M6-Assumptions!$B$5) -> 1.1823767 | O6: =B6/N6*100 -> 84.624431
A7: 0 | B7: 1.0008568 | C7: 0.250044 | D7: 0.45487 | E7: 80 | F7: 79.803804 | G7: 79.899751 | H7: 79.703264 | I7: 79.704477 | J7: 80 | K7: =AVERAGE(E7:G7) -> 79.901185 | L7: =AVERAGE(H7:J7) -> 79.80258 | M7: =AVERAGE(K7,L7) -> 79.851883 | N7: =Assumptions!$B$3+Assumptions!$B$4*(M7-Assumptions!$B$5) -> 1.1823759 | O7: =B7/N7*100 -> 84.647932
A8: 0 | B8: 1.0010547 | C8: 0.250044 | D8: 0.370542 | E8: 79.899799 | F8: 79.803804 | G8: 79.799502 | H8: 79.802176 | I8: 79.802985 | J8: 79.899101 | K8: =AVERAGE(E8:G8) -> 79.834368 | L8: =AVERAGE(H8:J8) -> 79.834754 | M8: =AVERAGE(K8,L8) -> 79.834561 | N8: =Assumptions!$B$3+Assumptions!$B$4*(M8-Assumptions!$B$5) -> 1.1823906 | O8: =B8/N8*100 -> 84.663619
A9: 0.6 | B9: 1.0012131 | C9: 0.250044 | D9: 0.45487 | E9: 80.000041 | F9: 79.803868 | G9: 79.799442 | H9: 79.802103 | I9: 79.803094 | J9: 79.899214 | K9: =AVERAGE(E9:G9) -> 79.867784 | L9: =AVERAGE(H9:J9) -> 79.834804 | M9: =AVERAGE(K9,L9) -> 79.851294 | N9: =Assumptions!$B$3+Assumptions!$B$4*(M9-Assumptions!$B$5) -> 1.1823764 | O9: =B9/N9*100 -> 84.678038
A10: 0 | B10: 1.0013319 | C10: 0.250044 | D10: 0.45487 | E10: 80 | F10: 79.803804 | G10: 79.899751 | H10: 79.802176 | I10: 79.802985 | J10: 80 | K10: =AVERAGE(E10:G10) -> 79.901185 | L10: =AVERAGE(H10:J10) -> 79.868387 | M10: =AVERAGE(K10,L10) -> 79.884786 | N10: =Assumptions!$B$3+Assumptions!$B$4*(M10-Assumptions!$B$5) -> 1.1823479 | O10: =B10/N10*100 -> 84.690122
A11: 0 | B11: 1.0015299 | C11: 0.3342575 | D11: 0.370542 | E11: 80 | F11: 79.803804 | G11: 79.899751 | H11: 79.703264 | I11: 79.802985 | J11: 80 | K11: =AVERAGE(E11:G11) -> 79.901185 | L11: =AVERAGE(H11:J11) -> 79.835416 | M11: =AVERAGE(K11,L11) -> 79.868301 | N11: =Assumptions!$B$3+Assumptions!$B$4*(M11-Assumptions!$B$5) -> 1.1823619 | O11: =B11/N11*100 -> 84.705867
A12: 0 | B12: 1.0015695 | C12: 0.3342575 | D12: 0.45487 | E12: 79.899799 | F12: 79.803804 | G12: 79.799502 | H12: 79.802176 | I12: 79.802985 | J12: 80 | K12: =AVERAGE(E12:G12) -> 79.834368 | L12: =AVERAGE(H12:J12) -> 79.868387 | M12: =AVERAGE(K12,L12) -> 79.851378 | N12: =Assumptions!$B$3+Assumptions!$B$4*(M12-Assumptions!$B$5) -> 1.1823763 | O12: =B12/N12*100 -> 84.708185
A13: 0 | B13: 1.001728 | C13: 0.250044 | D13: 0.45487 | E13: 80 | F13: 79.803804 | G13: 79.799502 | H13: 79.802176 | I13: 79.802985 | J13: 79.899101 | K13: =AVERAGE(E13:G13) -> 79.867769 | L13: =AVERAGE(H13:J13) -> 79.834754 | M13: =AVERAGE(K13,L13) -> 79.851261 | N13: =Assumptions!$B$3+Assumptions!$B$4*(M13-Assumptions!$B$5) -> 1.1823764 | O13: =B13/N13*100 -> 84.721579
... A14218: 0 | B14218: 1.0223417 | C14218: 0.3346335 | D14218: 0.455528 | E14218: 80.501002 | F14218: 80.294294 | G14218: 80.200499 | H14218: 80.197824 | I14218: 80.197015 | J14218: 80.201798 | K14218: =AVERAGE(E14218:G14218) -> 80.331932 | L14218: =AVERAGE(H14218:J14218) -> 80.198879 | M14218: =AVERAGE(K14218,L14218) -> 80.265405 | N14218: =Assumptions!$B$3+Assumptions!$B$4*(M14218-Assumptions!$B$5) -> 1.1820244 | O14218: =B14218/N14218*100 -> 86.490747

Sheet Feature_Selection
A1: Correlation matrix (Pearson r) — candidate features vs voltage_efficiency_pct target
B2: current_density_mA_cm2 | C2: cell_voltage_V | D2: cathode_pressure_diff_kPa | E2: anode_pressure_diff_kPa | F2: anode_avg_temp_C | G2: cathode_avg_temp_C | H2: cell_avg_temp_C | I2: reversible_voltage_V | J2: voltage_efficiency_pct (TARGET)
A3: current_density_mA_cm2 | B3: =CORREL(Clean_Data!$A$2:$A$14218,Clean_Data!$A$2:$A$14218) -> 1 | C3: =CORREL(Clean_Data!$A$2:$A$14218,Clean_Data!$B$2:$B$14218) -> -0.97799334 | D3: =CORREL(Clean_Data!$A$2:$A$14218,Clean_Data!$C$2:$C$14218) -> 0.97706126 | E3: =CORREL(Clean_Data!$A$2:$A$14218,Clean_Data!$D$2:$D$14218) -> 0.99073171 | F3: =CORREL(Clean_Data!$A$2:$A$14218,Clean_Data!$K$2:$K$14218) -> -0.072665111 | G3: =CORREL(Clean_Data!$A$2:$A$14218,Clean_Data!$L$2:$L$14218) -> 0.1248974 | H3: =CORREL(Clean_Data!$A$2:$A$14218,Clean_Data!$M$2:$M$14218) -> 0.027965077 | I3: =CORREL(Clean_Data!$A$2:$A$14218,Clean_Data!$N$2:$N$14218) -> -0.027965077 | J3: =CORREL(Clean_Data!$A$2:$A$14218,Clean_Data!$O$2:$O$14218) -> -0.97796737
A4: cell_voltage_V | B4: =CORREL(Clean_Data!$B$2:$B$14218,Clean_Data!$A$2:$A$14218) -> -0.97799334 | C4: =CORREL(Clean_Data!$B$2:$B$14218,Clean_Data!$B$2:$B$14218) -> 1 | D4: =CORREL(Clean_Data!$B$2:$B$14218,Clean_Data!$C$2:$C$14218) -> -0.97819285 | E4: =CORREL(Clean_Data!$B$2:$B$14218,Clean_Data!$D$2:$D$14218) -> -0.98135906 | F4: =CORREL(Clean_Data!$B$2:$B$14218,Clean_Data!$K$2:$K$14218) -> 0.14699985 | G4: =CORREL(Clean_Data!$B$2:$B$14218,Clean_Data!$L$2:$L$14218) -> -0.068033634 | H4: =CORREL(Clean_Data!$B$2:$B$14218,Clean_Data!$M$2:$M$14218) -> 0.038825606 | I4: =CORREL(Clean_Data!$B$2:$B$14218,Clean_Data!$N$2:$N$14218) -> -0.038825606 | J4: =CORREL(Clean_Data!$B$2:$B$14218,Clean_Data!$O$2:$O$14218) -> 0.99999988
A5: cathode_pressure_diff_kPa | B5: =CORREL(Clean_Data!$C$2:$C$14218,Clean_Data!$A$2:$A$14218) -> 0.97706126 | C5: =CORREL(Clean_Data!$C$2:$C$14218,Clean_Data!$B$2:$B$14218) -> -0.97819285 | D5: =CORREL(Clean_Data!$C$2:$C$14218,Clean_Data!$C$2:$C$14218) -> 1 | E5: =CORREL(Clean_Data!$C$2:$C$14218,Clean_Data!$D$2:$D$14218) -> 0.98396945 | F5: =CORREL(Clean_Data!$C$2:$C$14218,Clean_Data!$K$2:$K$14218) -> -0.13421251 | G5: =CORREL(Clean_Data!$C$2:$C$14218,Clean_Data!$L$2:$L$14218) -> 0.067828419 | H5: =CORREL(Clean_Data!$C$2:$C$14218,Clean_Data!$M$2:$M$14218) -> -0.032496346 | I5: =CORREL(Clean_Data!$C$2:$C$14218,Clean_Data!$N$2:$N$14218) -> 0.032496346 | J5: =CORREL(Clean_Data!$C$2:$C$14218,Clean_Data!$O$2:$O$14218) -> -0.97818894
A6: anode_pressure_diff_kPa | B6: =CORREL(Clean_Data!$D$2:$D$14218,Clean_Data!$A$2:$A$14218) -> 0.99073171 | C6: =CORREL(Clean_Data!$D$2:$D$14218,Clean_Data!$B$2:$B$14218) -> -0.98135906 | D6: =CORREL(Clean_Data!$D$2:$D$14218,Clean_Data!$C$2:$C$14218) -> 0.98396945 | E6: =CORREL(Clean_Data!$D$2:$D$14218,Clean_Data!$D$2:$D$14218) -> 1 | F6: =CORREL(Clean_Data!$D$2:$D$14218,Clean_Data!$K$2:$K$14218) -> -0.10825029 | G6: =CORREL(Clean_Data!$D$2:$D$14218,Clean_Data!$L$2:$L$14218) -> 0.10783944 | H6: =CORREL(Clean_Data!$D$2:$D$14218,Clean_Data!$M$2:$M$14218) -> 0.0012428555 | I6: =CORREL(Clean_Data!$D$2:$D$14218,Clean_Data!$N$2:$N$14218) -> -0.0012428555 | J6: =CORREL(Clean_Data!$D$2:$D$14218,Clean_Data!$O$2:$O$14218) -> -0.98134664
A7: anode_avg_temp_C | B7: =CORREL(Clean_Data!$K$2:$K$14218,Clean_Data!$A$2:$A$14218) -> -0.072665111 | C7: =CORREL(Clean_Data!$K$2:$K$14218,Clean_Data!$B$2:$B$14218) -> 0.14699985 | D7: =CORREL(Clean_Data!$K$2:$K$14218,Clean_Data!$C$2:$C$14218) -> -0.13421251 | E7: =CORREL(Clean_Data!$K$2:$K$14218,Clean_Data!$D$2:$D$14218) -> -0.10825029 | F7: =CORREL(Clean_Data!$K$2:$K$14218,Clean_Data!$K$2:$K$14218) -> 1 | G7: =CORREL(Clean_Data!$K$2:$K$14218,Clean_Data!$L$2:$L$14218) -> 0.92250392 | H7: =CORREL(Clean_Data!$K$2:$K$14218,Clean_Data!$M$2:$M$14218) -> 0.97991028 | I7: =CORREL(Clean_Data!$K$2:$K$14218,Clean_Data!$N$2:$N$14218) -> -0.97991028 | J7: =CORREL(Clean_Data!$K$2:$K$14218,Clean_Data!$O$2:$O$14218) -> 0.14743898
A8: cathode_avg_temp_C | B8: =CORREL(Clean_Data!$L$2:$L$14218,Clean_Data!$A$2:$A$14218) -> 0.1248974 | C8: =CORREL(Clean_Data!$L$2:$L$14218,Clean_Data!$B$2:$B$14218) -> -0.068033634 | D8: =CORREL(Clean_Data!$L$2:$L$14218,Clean_Data!$C$2:$C$14218) -> 0.067828419 | E8: =CORREL(Clean_Data!$L$2:$L$14218,Clean_Data!$D$2:$D$14218) -> 0.10783944 | F8: =CORREL(Clean_Data!$L$2:$L$14218,Clean_Data!$K$2:$K$14218) -> 0.92250392 | G8: =CORREL(Clean_Data!$L$2:$L$14218,Clean_Data!$L$2:$L$14218) -> 1 | H8: =CORREL(Clean_Data!$L$2:$L$14218,Clean_Data!$M$2:$M$14218) -> 0.98095201 | I8: =CORREL(Clean_Data!$L$2:$L$14218,Clean_Data!$N$2:$N$14218) -> -0.98095201 | J8: =CORREL(Clean_Data!$L$2:$L$14218,Clean_Data!$O$2:$O$14218) -> -0.067591322
A9: cell_avg_temp_C | B9: =CORREL(Clean_Data!$M$2:$M$14218,Clean_Data!$A$2:$A$14218) -> 0.027965077 | C9: =CORREL(Clean_Data!$M$2:$M$14218,Clean_Data!$B$2:$B$14218) -> 0.038825606 | D9: =CORREL(Clean_Data!$M$2:$M$14218,Clean_Data!$C$2:$C$14218) -> -0.032496346 | E9: =CORREL(Clean_Data!$M$2:$M$14218,Clean_Data!$D$2:$D$14218) -> 0.0012428555 | F9: =CORREL(Clean_Data!$M$2:$M$14218,Clean_Data!$K$2:$K$14218) -> 0.97991028 | G9: =CORREL(Clean_Data!$M$2:$M$14218,Clean_Data!$L$2:$L$14218) -> 0.98095201 | H9: =CORREL(Clean_Data!$M$2:$M$14218,Clean_Data!$M$2:$M$14218) -> 1 | I9: =CORREL(Clean_Data!$M$2:$M$14218,Clean_Data!$N$2:$N$14218) -> -1 | J9: =CORREL(Clean_Data!$M$2:$M$14218,Clean_Data!$O$2:$O$14218) -> 0.039275141
A10: reversible_voltage_V | B10: =CORREL(Clean_Data!$N$2:$N$14218,Clean_Data!$A$2:$A$14218) -> -0.027965077 | C10: =CORREL(Clean_Data!$N$2:$N$14218,Clean_Data!$B$2:$B$14218) -> -0.038825606 | D10: =CORREL(Clean_Data!$N$2:$N$14218,Clean_Data!$C$2:$C$14218) -> 0.032496346 | E10: =CORREL(Clean_Data!$N$2:$N$14218,Clean_Data!$D$2:$D$14218) -> -0.0012428555 | F10: =CORREL(Clean_Data!$N$2:$N$14218,Clean_Data!$K$2:$K$14218) -> -0.97991028 | G10: =CORREL(Clean_Data!$N$2:$N$14218,Clean_Data!$L$2:$L$14218) -> -0.98095201 | H10: =CORREL(Clean_Data!$N$2:$N$14218,Clean_Data!$M$2:$M$14218) -> -1 | I10: =CORREL(Clean_Data!$N$2:$N$14218,Clean_Data!$N$2:$N$14218) -> 1 | J10: =CORREL(Clean_Data!$N$2:$N$14218,Clean_Data!$O$2:$O$14218) -> -0.039275141
A11: voltage_efficiency_pct (TARGET) | B11: =CORREL(Clean_Data!$O$2:$O$14218,Clean_Data!$A$2:$A$14218) -> -0.97796737 | C11: =CORREL(Clean_Data!$O$2:$O$14218,Clean_Data!$B$2:$B$14218) -> 0.99999988 | D11: =CORREL(Clean_Data!$O$2:$O$14218,Clean_Data!$C$2:$C$14218) -> -0.97818894 | E11: =CORREL(Clean_Data!$O$2:$O$14218,Clean_Data!$D$2:$D$14218) -> -0.98134664 | F11: =CORREL(Clean_Data!$O$2:$O$14218,Clean_Data!$K$2:$K$14218) -> 0.14743898 | G11: =CORREL(Clean_Data!$O$2:$O$14218,Clean_Data!$L$2:$L$14218) -> -0.067591322 | H11: =CORREL(Clean_Data!$O$2:$O$14218,Clean_Data!$M$2:$M$14218) -> 0.039275141 | I11: =CORREL(Clean_Data!$O$2:$O$14218,Clean_Data!$N$2:$N$14218) -> -0.039275141 | J11: =CORREL(Clean_Data!$O$2:$O$14218,Clean_Data!$O$2:$O$14218) -> 1
A14: Read the bottom row / right-most column (voltage_efficiency_pct) for each feature's correlation with the target. |r| > 0.5 = strong candidate to keep; |r| < 0.1 = weak, drop or deprioritize. Also check feature-vs-feature cells for multicollinearity (e.g. the 3 anode temps vs anode_avg_temp will be near 1.0 -- keep only one of the two forms per zone).
